meses_activo,visitas_mes,quejas,plan,cancelo
34,7,0,Anual,No
14,9,0,Anual,No
16,4,2,Mensual,Sí
17,1,1,Mensual,Sí
3,10,0,Mensual,No
28,8,1,Mensual,No
32,9,1,Anual,No
19,1,1,Anual,No
3,7,2,Anual,Sí
13,6,0,Mensual,No
6,5,2,Mensual,Sí
30,0,0,Anual,No
29,7,2,Anual,No
14,12,1,Mensual,No
14,10,3,Mensual,Sí
31,6,0,Anual,No
4,8,1,Anual,No
29,11,2,Mensual,No
35,0,0,Mensual,No
17,8,1,Anual,No
28,10,1,Mensual,No
26,11,2,Anual,No
33,15,0,Mensual,No
2,13,1,Mensual,No
26,9,0,Mensual,No
15,9,0,Mensual,No
31,11,0,Mensual,No
31,6,1,Mensual,No
11,8,1,Mensual,No
21,12,1,Mensual,No
18,16,3,Mensual,No
21,7,1,Anual,No
30,8,1,Mensual,No
24,9,1,Mensual,No
28,13,2,Anual,No
25,8,2,Mensual,Sí
10,14,0,Mensual,No
22,4,0,Mensual,No
14,7,0,Mensual,No
16,7,1,Mensual,No
5,11,5,Anual,Sí
7,12,1,Anual,No
13,2,3,Mensual,Sí
11,4,0,Mensual,Sí
23,9,1,Anual,No
11,5,0,Mensual,Sí
9,2,0,Anual,No
16,12,2,Anual,No
21,10,0,Anual,No
36,10,0,Anual,No
19,6,0,Mensual,No
13,12,0,Anual,No
12,7,1,Mensual,Sí
17,12,1,Mensual,No
34,4,1,Mensual,No
14,5,1,Mensual,Sí
9,9,1,Anual,No
21,5,1,Anual,No
28,11,1,Mensual,No
35,9,2,Mensual,No
11,4,0,Mensual,No
33,8,0,Mensual,No
31,7,1,Anual,No
14,12,0,Anual,No
13,5,1,Anual,Sí
10,6,0,Anual,No
12,13,0,Anual,No
32,17,0,Mensual,No
12,16,1,Mensual,No
18,8,0,Mensual,No
34,9,0,Anual,No
25,14,2,Mensual,No
5,8,0,Mensual,Sí
3,4,1,Mensual,Sí
9,8,2,Mensual,Sí
32,10,1,Anual,No
9,5,2,Mensual,Sí
12,1,0,Mensual,Sí
20,2,2,Anual,Sí
18,11,1,Anual,No
3,5,0,Anual,Sí
8,7,2,Mensual,Sí
36,9,2,Mensual,No
16,10,0,Anual,No
11,7,1,Anual,No
30,10,1,Mensual,No
17,4,2,Mensual,Sí
30,7,2,Mensual,No
6,4,1,Mensual,Sí
18,13,1,Mensual,No
30,8,1,Mensual,Sí
28,5,3,Mensual,Sí
25,7,1,Mensual,Sí
17,7,1,Mensual,No
30,11,0,Mensual,No
14,2,2,Mensual,Sí
24,4,1,Mensual,Sí
20,6,1,Anual,No
11,18,0,Mensual,No
8,12,1,Mensual,No
20,8,0,Anual,No
12,11,1,Mensual,No
19,16,2,Mensual,No
26,7,0,Anual,No
29,7,2,Anual,No
28,13,1,Anual,No
19,10,3,Anual,No
3,11,1,Anual,No
7,6,1,Anual,Sí
27,16,0,Mensual,No
22,15,0,Anual,No
30,10,2,Mensual,Sí
18,11,0,Mensual,No
17,0,0,Mensual,Sí
9,11,0,Mensual,No
3,7,2,Mensual,Sí
6,10,2,Anual,Sí
25,11,0,Anual,No
21,7,2,Anual,Sí
9,1,0,Mensual,Sí
14,9,1,Anual,No
24,5,1,Anual,No
14,7,1,Mensual,Sí
14,6,1,Mensual,Sí
10,7,2,Mensual,Sí
23,0,3,Mensual,Sí
33,13,0,Mensual,No
10,9,1,Mensual,Sí
11,12,2,Mensual,No
18,16,0,Anual,No
7,8,1,Mensual,Sí
19,1,2,Anual,Sí
32,4,0,Mensual,No
23,3,2,Anual,Sí
6,6,1,Anual,Sí
8,8,1,Anual,No
3,0,2,Mensual,Sí
35,9,1,Anual,No
13,2,1,Mensual,Sí
11,9,2,Mensual,Sí
31,8,0,Mensual,No
12,7,1,Mensual,No
9,8,1,Mensual,Sí
10,6,0,Mensual,No
15,6,0,Mensual,Sí
3,1,1,Mensual,Sí
24,8,3,Anual,Sí
16,15,0,Mensual,No
35,16,2,Mensual,No
28,13,0,Mensual,No
14,11,5,Mensual,Sí
26,5,0,Mensual,No
30,14,0,Anual,No
8,8,1,Mensual,Sí
6,8,2,Mensual,Sí
5,7,2,Mensual,Sí
2,8,2,Mensual,Sí
12,6,0,Anual,No
29,8,0,Anual,No
28,4,1,Mensual,Sí
14,7,0,Mensual,No
18,17,2,Mensual,No
28,8,1,Mensual,No
34,7,0,Anual,No
11,10,1,Anual,No
24,11,2,Anual,No
22,4,1,Anual,No
23,7,0,Mensual,No
29,12,1,Mensual,No
28,9,1,Mensual,No
15,8,1,Anual,No
28,14,1,Mensual,No
2,5,3,Mensual,Sí
13,8,0,Anual,No
8,6,2,Mensual,Sí
10,14,1,Mensual,No
33,0,1,Mensual,Sí
16,5,3,Anual,Sí
3,6,1,Mensual,Sí
18,11,1,Mensual,No
3,10,1,Mensual,Sí
6,14,0,Anual,No
14,2,0,Mensual,Sí
16,11,1,Anual,No
9,7,2,Mensual,Sí
24,5,2,Anual,No
18,10,1,Mensual,No
5,4,2,Anual,Sí
30,0,3,Mensual,Sí
5,7,1,Anual,No
13,2,1,Anual,Sí
7,5,1,Mensual,Sí
34,9,0,Mensual,No
11,9,0,Mensual,No
32,14,3,Mensual,No
35,7,1,Mensual,No
8,2,2,Anual,Sí
1,5,1,Mensual,Sí
1,4,1,Mensual,Sí
7,3,1,Mensual,Sí
15,10,0,Mensual,No
6,5,1,Mensual,Sí
35,0,2,Mensual,Sí
18,11,1,Mensual,No
31,8,1,Mensual,No
1,9,0,Mensual,Sí
5,8,1,Anual,No
17,11,2,Mensual,No
6,8,1,Mensual,No
6,13,0,Mensual,No
1,10,1,Mensual,Sí
10,10,1,Mensual,Sí
28,10,1,Mensual,No
29,2,1,Mensual,No
19,7,2,Anual,No
7,7,0,Anual,No
17,9,1,Anual,No
23,3,1,Mensual,Sí
6,15,0,Mensual,No
15,8,1,Mensual,Sí
30,3,0,Mensual,No
16,1,0,Anual,No
17,7,2,Mensual,Sí
30,8,1,Mensual,No
25,5,1,Anual,No
6,8,0,Mensual,No
22,5,2,Mensual,Sí
34,10,0,Anual,No
8,5,5,Mensual,Sí
33,8,1,Mensual,No
22,12,1,Mensual,No
25,18,1,Anual,No
12,4,1,Mensual,Sí
2,6,1,Mensual,Sí
1,5,1,Anual,Sí
24,11,2,Anual,No
36,3,0,Anual,No
22,6,1,Anual,No
13,8,0,Mensual,No
28,4,0,Mensual,No
35,4,1,Mensual,Sí
8,6,4,Mensual,Sí
4,0,0,Anual,Sí
35,2,3,Mensual,Sí
2,6,1,Mensual,Sí
32,9,1,Mensual,No
6,7,0,Mensual,Sí
5,1,0,Mensual,Sí
10,6,0,Mensual,Sí
12,11,1,Anual,No
12,10,1,Anual,No
2,8,3,Mensual,Sí
31,4,1,Anual,No
30,11,2,Anual,No
25,6,2,Mensual,No
33,3,1,Anual,No
34,5,0,Anual,No
36,14,1,Anual,No
14,9,0,Mensual,Sí
23,13,0,Anual,No
28,6,1,Anual,No
24,12,0,Mensual,No
29,6,1,Mensual,No
25,7,3,Anual,No
14,18,0,Anual,No
21,11,0,Mensual,No
8,6,0,Mensual,No
35,8,0,Mensual,No
33,9,2,Anual,No
22,13,2,Mensual,No
28,6,1,Mensual,No
13,1,0,Mensual,Sí
14,7,1,Mensual,Sí
19,8,0,Anual,No
10,8,0,Mensual,Sí
1,13,1,Mensual,No
15,9,0,Anual,No
27,11,1,Mensual,No
10,4,2,Mensual,Sí
25,11,1,Anual,No
22,16,2,Mensual,No
16,11,1,Anual,No
27,9,0,Anual,No
31,9,0,Mensual,No
35,15,0,Mensual,No
28,4,4,Mensual,Sí
4,8,1,Anual,No
13,10,0,Mensual,No
20,11,1,Mensual,No
3,6,0,Mensual,Sí
16,9,0,Mensual,No
5,7,1,Mensual,Sí
20,8,2,Anual,No
7,7,0,Anual,Sí
10,3,0,Mensual,No
11,8,0,Anual,No
36,12,3,Mensual,No
17,4,0,Mensual,No
21,7,3,Mensual,Sí
34,11,0,Anual,No
